current,200,225,250,275,300,325,350,375,400,425,450,475,500,525,550,575,600
-0.21,-4.770778990819775,-5.4079156941175786,-5.456011550391956,-5.660877194543258,-5.82651641569352,-6.0078940385069535,-6.324527712615999,-6.333089604382649,-6.544279577038205,-6.639346420570104,-6.836336973999499,-7.056430280425296,-7.132111993533047,-7.334620949592676,-7.479584704879431,-7.687698578159947,-7.812150005538714
-0.2085,-4.677526310495172,-5.085147302259623,-5.253261846525213,-5.516646319559206,-5.718122634686005,-6.051600856030113,-6.064250063280308,-6.278154659796913,-6.5011426944563215,-6.56166967841686,-6.7809567464756535,-7.0114178306018005,-7.085031423647362,-7.274299622251096,-7.420032035137649,-7.62197196952644,-7.760506156698397
-0.207,-4.591709050022608,-4.760732663637898,-5.276991893489619,-5.5610450941921865,-5.626268434626051,-5.950220843337168,-6.183806629968553,-6.351901249960796,-6.397632719451105,-6.553224699614378,-6.730847174607908,-6.936158367966835,-7.010800423467382,-7.199450275010746,-7.324115207331914,-7.531027195430954,-7.668675431476321
-0.20550000000000002,-4.523221727722917,-4.739837720192039,-5.146894100410067,-5.620504536410173,-5.732350788990199,-5.791686060403269,-6.019196411421669,-6.146480856759626,-6.263730002269636,-6.5526205020547925,-6.648185323965102,-6.80101925925721,-6.957710192439805,-7.109039860235845,-7.271910178005602,-7.467815116860185,-7.610633509525862
-0.20400000000000001,-4.4565123861704485,-4.524053672815356,-5.251037745660615,-5.353772565931196,-5.64031347537565,-5.836975557811575,-5.889085877846219,-6.094200553112612,-6.2237474669917345,-6.38700757420293,-6.573400772197089,-6.739505030275038,-6.954952275567573,-7.0629905239387885,-7.233212208914544,-7.413668679935731,-7.538436848683206
-0.2025,-4.391526751020746,-4.952195291014124,-5.090961819907836,-5.207756637347399,-5.616975138413694,-5.631410832191096,-6.145655844808797,-5.953418668433841,-6.14051949781135,-6.296113425293518,-6.543448975272427,-6.71264276353814,-6.843650191856075,-6.996128369523912,-7.1749091239283915,-7.3324885415943015,-7.499487652418408
-0.201,-4.328065899467456,-4.979507878594662,-5.148994754520258,-5.684255136435804,-5.241108656770247,-5.83173712722613,-5.9129618010428375,-6.084377211877558,-6.160717721835844,-6.361104703824355,-6.450367171422435,-6.608021075338529,-6.792872388098501,-6.944440470963929,-7.128124297978065,-7.285359863484936,-7.392250882744274
-0.1995,-4.265330335286575,-4.909444619694728,-4.856099866852009,-5.386995720314507,-5.085996376478747,-5.710402183951238,-5.754104225129075,-5.9021801765001305,-6.148472143894594,-6.255267190492306,-6.415986734891266,-6.552585331109857,-6.701502313730207,-6.880257225395804,-7.028564952583458,-7.242669569206681,-7.344764008462793
-0.198,-4.2037519215006816,-4.793636743519922,-4.83074781789828,-5.290418467539538,-5.516148413101116,-5.483402708753655,-5.794531700631638,-5.940623895100523,-6.002773821978306,-6.25864118223759,-6.26163921508194,-6.505300128198714,-6.69358678683588,-6.809823261414262,-6.958147907821964,-7.128455043091619,-7.308443798382084
-0.1965,-4.143353220905897,-4.719362999149297,-4.9030331733502335,-5.10420688339323,-5.418990486204807,-5.57810329981908,-5.592530354146181,-5.880595291601183,-6.128726740829429,-6.084734816818367,-6.262356616582612,-6.412588371104021,-6.597119375350591,-6.7420518041148405,-6.887377749591433,-7.037299835317774,-7.225587566415402
-0.195,-4.083096418299383,-4.843470731399166,-5.00020286602035,-5.133840636928075,-5.368711379143183,-5.410917510495308,-5.7913493464034,-5.740061138354652,-5.876375010010412,-6.0196479945500325,-6.275826426534974,-6.364045251545866,-6.578309461493075,-6.671269879818708,-6.830954862741553,-6.985837257774329,-7.158332465971894
-0.1935,-4.023854329293734,-4.707598507347665,-4.880017153896032,-5.113722145665593,-5.142656036268487,-5.308873312366231,-5.574106496447391,-5.817877068921861,-5.878219320573636,-5.9893733087883465,-6.183624471463142,-6.277271641090511,-6.491204457989633,-6.60190997971024,-6.784837628677167,-6.917395630119432,-7.05314057653703
-0.192,-3.9654031236417775,-4.3815496081637475,-4.833883204550261,-4.865384452153975,-5.153068112696734,-5.257536436297422,-5.39959858590724,-5.622030422384547,-5.673878731301144,-5.889113331559446,-6.150843003342782,-6.238469280420596,-6.400813156067265,-6.502787965549512,-6.7169922855194235,-6.834877145716369,-7.00952541021294
-0.1905,-3.9065528538526957,-4.177743799348825,-4.6883869257716695,-4.7670418613585435,-4.91152430829351,-5.348957142651324,-5.349746028145234,-5.6635579949165535,-5.799793714140631,-5.850731199586716,-5.978184979916992,-6.159666876722124,-6.374930312283355,-6.460705744356687,-6.677694656386465,-6.787090989071803,-6.924206242728062
-0.189,-3.8482243035898853,-4.056206518023016,-4.645580661739943,-4.846563590271233,-4.990115103542797,-5.183321456177564,-5.3930137088745695,-5.629151327324259,-5.717247280319607,-5.880504637346956,-5.892501622048908,-6.093448099238021,-6.322640821945556,-6.41680316659006,-6.560240520376389,-6.720027135041649,-6.858088822909412
-0.1875,-3.790176364874441,-4.0984261125697685,-4.524594527617188,-5.026731345886662,-5.1269042942647545,-5.200767817061101,-5.413874234372148,-5.583427500790088,-5.734771223320831,-5.690985557045899,-5.8960078009185,-6.079293451262639,-6.211101267759148,-6.307377915164526,-6.4850373868747075,-6.656134260110438,-6.814163806030684
-0.186,-3.732284165666174,-4.043933390096332,-4.360565892797182,-4.83807965523818,-4.675768294448762,-5.163644696105117,-5.451198746738681,-5.454155269293362,-5.577154662827803,-5.6066868606762394,-5.77486833467608,-6.002577021751792,-6.172422880898372,-6.255704645432607,-6.447475982890826,-6.617550067527517,-6.733854859564029
-0.1845,-3.6744259100590746,-3.981185804972415,-4.356421240122176,-4.761144885849811,-4.777420928976497,-4.90516722395804,-5.092977095527869,-5.312565648752744,-5.580799885066832,-5.560462737597963,-5.771081462247716,-5.899566978044864,-6.108723127029159,-6.194743586804763,-6.368402049556801,-6.558152080059051,-6.6624878762299335
-0.183,-3.616405062118312,-3.9674530786695614,-4.3917109412873625,-4.625890831795818,-4.711034927044951,-5.100678793772809,-4.981674851512721,-5.377638628915402,-5.345990013031499,-5.53125712816169,-5.649392025552397,-5.854048695523195,-6.052180224294567,-6.134339602051466,-6.316175354225641,-6.454936855435714,-6.601903382098403
-0.1815,-3.558351459446425,-3.864725693445596,-4.364712154891884,-4.590209934678312,-4.711134913558737,-4.950551157303655,-4.831697827522297,-5.245218657841936,-5.38777055064544,-5.493304575980829,-5.664123593596598,-5.797325916243551,-5.988593653244381,-6.042545011173913,-6.234360128087083,-6.413450070623679,-6.534069135352364
-0.18,-3.4999791766900907,-3.7646669047401993,-4.210390718867739,-4.491636749811278,-4.617485949288102,-4.850721232834459,-5.057185608907867,-5.277511321415676,-5.425037086436852,-5.3395185459712176,-5.578707648911336,-5.788414185366176,-5.954535488772146,-6.041074120168023,-6.1632727459484125,-6.3069794982041865,-6.461170203974769
-0.1785,-3.4416298122849533,-3.719252881151437,-4.044271831309413,-4.160455502649931,-4.577195089305317,-4.862998376067923,-5.013962165648866,-5.128583172754261,-5.369523483695803,-5.330500140015798,-5.516167884904999,-5.667859218976912,-5.838466055276004,-5.928244744112779,-6.082186528281227,-6.290219924054433,-6.39547017502724
-0.177,-3.382145051254162,-3.7380889325646116,-3.7646840335922716,-4.325582206710649,-4.4490636112000885,-4.787011629967118,-4.937946118174238,-5.026212373325276,-5.259727491441705,-5.312356723821943,-5.478243438895797,-5.581647676553742,-5.79666585609454,-5.88269436616765,-6.034507008120471,-6.185900432433537,-6.339289093982992
-0.1755,-3.32152515409023,-3.628889547669683,-3.7942115952924977,-4.362361855668805,-4.404537118422724,-4.714078945864103,-4.960099878368521,-4.890975786549672,-5.221149865176077,-5.39411171462874,-5.475669269274614,-5.507571399744647,-5.703549025776663,-5.7925317072274565,-5.973042427238839,-6.14055406006024,-6.282597052574175
-0.17400000000000002,-3.255938260247699,-3.519149791015567,-3.8067876602676867,-4.352596194598834,-4.402924508367664,-4.689413762328867,-4.765968067890924,-4.867615519955578,-5.120782162265949,-5.177554848048716,-5.412639866417126,-5.449658237196876,-5.657166401506294,-5.780154573022681,-5.936246066252581,-6.0767465902017515,-6.206499697835895
-0.17250000000000001,-0.8256661456466113,-3.46459478890899,-4.050197088733616,-4.244890094405855,-4.566001678181023,-4.484721454035197,-4.706137517039468,-4.71779307807305,-5.0873771993573484,-5.143889716753169,-5.389812737667065,-5.438106176506782,-5.518809593579051,-5.672028053257501,-5.877834609299232,-6.042253328043817,-6.136398640671931
-0.171,-0.0023864502267871737,-3.3904244784659525,-3.7076341983222556,-4.152258594579654,-4.298510592447695,-4.552233780799432,-4.61133363579938,-4.997167784546554,-4.871497714505604,-5.045600514264719,-5.1575893799653185,-5.33790706810618,-5.517020848333833,-5.678657731010523,-5.8272943831239274,-5.929766528050865,-6.068932009410745
-0.1695,-0.0021104403520240925,-3.2919047312527656,-3.6686409603476955,-3.869789223967232,-4.445925004723357,-4.465086624406882,-4.669161667068143,-4.765633354162342,-4.894976512946911,-5.058130800967104,-5.148575313570371,-5.2605822771019755,-5.456873080270654,-5.5610592316313525,-5.778874800630191,-5.862639499365584,-5.992072283430874
-0.168,-0.002034026061888404,-0.045628046598280306,-3.5703892412881566,-3.742451191365149,-4.348869937991901,-4.333917869157171,-4.36603510025836,-4.587714913981905,-4.744977542946447,-4.967861249979524,-5.210985648589267,-5.236574158894525,-5.358810759306009,-5.544905381063537,-5.6833635743649396,-5.787974800813286,-5.955206194838052
-0.1665,-0.0019953672615620043,-0.01204857568406255,-3.208387836493678,-3.6604326755454974,-4.259527889521436,-3.991285658392142,-4.44698139380509,-4.754393966080739,-4.761228089539118,-4.957048339326449,-5.018843578571098,-5.150959781843475,-5.298520042488142,-5.460585646524836,-5.571928405574318,-5.682078206230693,-5.8553848578882475
-0.165,-0.0019767864564451017,-0.009886194874079272,-2.9878061490140557,-3.81080207394695,-4.060974000666635,-4.160714727360012,-4.4089558273994065,-4.6174412246108165,-4.779651021884751,-4.919383428947495,-4.9628282290980446,-5.147522885246034,-5.2995112357508685,-5.410363034244495,-5.535033029249184,-5.638413109551147,-5.861197770707442
-0.1635,-0.0019305655217006863,-0.035517845811692976,-0.022290703170817033,-3.291969233578843,-3.8397230396434403,-4.048564331150188,-4.131258628213376,-4.379371490942033,-4.687940685443103,-4.760689814850636,-4.869333801253808,-5.007890676876895,-5.215361798174283,-5.334124176295569,-5.47978857085852,-5.548964817289046,-5.74135805335519
-0.162,-0.0019254486903684139,-0.02671186075854626,-0.025694441399183556,-3.5404313948852777,-3.900118746293877,-3.9872091240821406,-4.402457706215357,-4.368127364464331,-4.528015302501507,-4.738670930267608,-4.776975397538144,-5.038195086603978,-5.11182297402902,-5.286709594086818,-5.365904932173116,-5.521211299113523,-5.708393234960773
-0.1605,-0.0018941109773542549,-0.007086024294818583,-0.019174649296703157,-3.058637832181875,-3.766275612297165,-4.019674641295105,-4.221071538543404,-4.443547745586249,-4.510270419476248,-4.58249227360036,-4.834272174816899,-4.970879648841176,-5.083220640123323,-5.200142504519103,-5.303572470835332,-5.456416235138678,-5.627200899986604
-0.159,-0.0018374183137622427,-0.010135691380955054,-0.035478886353183976,-0.052301484046166045,-3.6071513373762825,-3.772608145840777,-4.1996489573684705,-4.141406858481103,-4.355897308482527,-4.761586615982644,-4.771291692420695,-4.912458904802035,-5.010974098973985,-5.150617900932402,-5.250638154664539,-5.388502774794775,-5.541565214810062
-0.1575,-0.0018407905898549818,-0.028389534413040294,-0.046872467753525535,-0.026956286147908497,-3.5253297736733056,-3.5500442909784953,-4.053120792675443,-4.264933918290938,-4.124124910979435,-4.615876192892953,-4.639070495136486,-4.796149653732408,-4.953898192620252,-5.08892665227809,-5.220978372018785,-5.310591525289244,-5.46643406915043
-0.156,-0.0018133092596450124,-0.006520342882167889,-0.016837728488817812,-0.01812338185307464,-3.3559659388041023,-3.726243214189978,-3.790565149075719,-4.219977762346865,-4.101348302711481,-4.490649820308189,-4.576047560936506,-4.834337769371843,-4.939485227080884,-5.021495875464578,-5.1387805500130685,-5.299314638217842,-5.394879766209368
-0.1545,-0.0018132371761595608,-0.006152463620562368,-0.026404438312501843,-0.010182784497580151,-0.6972810532253851,-3.9882042145472045,-4.069564496525399,-4.080166168351224,-4.231972130714831,-4.3792030297381395,-4.627741037347296,-4.7278082108861375,-4.802767455238012,-4.954210086632873,-5.113770702109627,-5.257967845338207,-5.342752523137596
-0.153,-0.0017869257159080516,-0.0180164478215416,-0.01720689159119859,-0.016319419422133368,-0.09244501708370507,-3.6966256124075927,-4.152113937266897,-3.950535190612815,-4.117727435449382,-4.402473557778643,-4.435169391319616,-4.545153268556801,-4.790283554807885,-4.869214650006948,-5.04867360521123,-5.195312210729522,-5.279614332869607
-0.1515,-0.0017634095383029151,-0.017414336885518304,-0.004025397839284428,-0.02799751233324752,-0.13927909550508877,-3.792405905927973,-3.950515319875826,-3.9537720235869047,-4.114432204480481,-4.398772344723224,-4.511413198943321,-4.585839490618001,-4.7758597525867215,-4.821670204591343,-4.963030303938436,-5.110673692289438,-5.25037825121045
-0.15,-0.0017117132550176373,-0.0032833857197586084,-0.0038529604803705826,-0.030639623518446433,-0.10656528119845916,-3.484709093608754,-3.841296888175492,-3.853334599689934,-4.172865119087345,-4.097578687354658,-4.353929181009767,-4.527712467854917,-4.641892429566586,-4.758636680695211,-4.9045898729242,-5.060246808873926,-5.150930511727872
-0.14850000000000002,-0.0016860493596257814,-0.0025568267400241937,-0.005305708405339816,-0.01654760978202852,-0.08353129431077473,-3.312291313269549,-3.779302417687645,-3.995998851439129,-3.9710079915399548,-4.214509071894814,-4.278907909279881,-4.422101926590304,-4.548627549691305,-4.68584417627443,-4.7848212826434855,-4.947694047471231,-5.100225695532195
-0.14700000000000002,-0.0016973199917130616,-0.0023210463337646724,-0.012334705028375609,-0.027091728959043108,-0.04489088288310582,-3.2417264672928954,-3.843299184674747,-3.822725948859628,-3.762613521394784,-4.089527626479274,-4.166010326964792,-4.382833655481952,-4.598109968281823,-4.672795050063859,-4.773512358837633,-4.90992791014108,-5.07267162950057
-0.14550000000000002,-0.0016493366440607155,-0.0021503624266602413,-0.017163957450761207,-0.007803130533618329,-0.0688701961833196,-1.4823796304254335,-3.6555458263119522,-3.39657563969012,-4.016063518346462,-4.073227896658381,-4.205392306946341,-4.321594404209837,-4.518280921265957,-4.598642177007062,-4.70477510928496,-4.820667732076862,-4.98238844687671
-0.14400000000000002,-0.0016344320470524803,-0.0020308556497909756,-0.0065835678732590885,-0.024559679544917255,-0.06275990421894503,-0.2029413649383866,-3.6246169591860657,-3.561934851596625,-3.761912541808627,-3.892621303393976,-4.2198434448392685,-4.320295942272328,-4.403788880454468,-4.513512925522215,-4.657186965775126,-4.789672188333154,-4.9099982727392515
-0.14250000000000002,-0.0015843208397168214,-0.0018849626334494632,-0.005059367680313409,-0.024736936142988893,-0.06493279393394781,-0.13009537677750857,-3.155461930490082,-3.5450063564828347,-3.7804191934327855,-3.919889167153569,-4.01185381416523,-4.17260873455167,-4.3263713043906185,-4.480775246212787,-4.593189763002868,-4.729482282708301,-4.835585614788909
-0.14100000000000001,-0.001587095042357915,-0.0018245730775639979,-0.010498248745553553,-0.01642749516588287,-0.03619391572561079,-0.1130778137016478,-2.8400357125024267,-3.7510087679982735,-3.8603549071769256,-3.8051957242223047,-3.9982518859423988,-4.198192353491148,-4.271144464013382,-4.397422525180739,-4.526637294579452,-4.650787707713587,-4.783696583992918
-0.1395,-0.0015586433591247813,-0.001670528476564489,-0.011030511720171464,-0.00855592191958892,-0.038743467873398246,-0.05915934071255583,-1.178015787201427,-3.4896107058934636,-3.6955629826237137,-3.6703131460972704,-3.827182204895354,-4.092574189645572,-4.184963256486418,-4.304379456574983,-4.498980036112025,-4.584762723882988,-4.69612179693391
-0.138,-0.0015566754401713427,-0.0015826687240002696,-0.0036972262525700847,-0.019933443473577794,-0.02050133178625905,-0.07303558412932316,-0.10606539575233016,-3.369406339701796,-3.645425776948672,-3.8964329405416653,-3.950755396184258,-4.145898385646269,-4.1223675574119785,-4.259788949989291,-4.399044592221975,-4.5251910643941455,-4.670839277946323
-0.1365,-0.0015262008690958351,-0.001443375391961671,-0.002995660230972302,-0.015289526984680925,-0.04819688570223502,-0.11740765188000529,-0.1317755997194558,-3.1002197679393326,-3.393566189551166,-3.586358875532868,-3.8134038939411115,-3.949312192796914,-4.081589035229925,-4.208582895509466,-4.339670231684324,-4.484809030229258,-4.581553534286915
-0.135,-0.0015062305394322826,-0.0013869802132507188,-0.002686694496950388,-0.022567684125341752,-0.03184273636639328,-0.11190756835947303,-0.1231160178535354,-3.082931552822438,-3.5934317625425116,-3.430428712466744,-3.8077272081224858,-3.857358306552849,-3.976400250519328,-4.150501345856559,-4.299009690528316,-4.363573637368287,-4.528659631127483
-0.1335,-0.0015341387413664905,-0.0012894293962946574,-0.0026094527792339416,-0.005579840343706038,-0.01535887167168975,-0.12595813181376914,-0.13187183745589395,-1.2633982538541277,-3.4989335659151823,-3.4177524147827687,-3.6767379989048443,-3.842002227977801,-3.96362221613215,-4.128770850454107,-4.155558234747697,-4.33700586220866,-4.476925250393956
-0.132,-0.001520510823381171,-0.0012734530819756777,-0.002578839772629908,-0.004417081024917085,-0.02032943418771388,-0.05455988793565425,-0.06669945740873019,-0.36963035194656335,-3.393298881243242,-3.413328340685179,-3.77520822005227,-3.7617053601274923,-3.9148286744167407,-4.113914377873026,-4.08057846180401,-4.256745546097588,-4.389533810753095
-0.1305,-0.0015274039118277,-0.0014178030904408489,-0.0027229551170012117,-0.006143802875790721,-0.05926046890054409,-0.04568832759503283,-0.11506750795106786,-0.14427753647315414,-2.989816373197777,-3.281114878699333,-3.61928510206562,-3.634762489828866,-3.9260394766108346,-3.990771975911912,-4.1033013485567995,-4.252554566334822,-4.358498643172597
-0.129,-0.0015791954006808319,-0.0017029285761901226,-0.004272774879065074,-0.017725599823227512,-0.01831954198907754,-0.03206822356663459,-0.09473437211783832,-0.1494070369577315,-1.0934117664249177,-3.439148846598044,-3.6140303921122805,-3.6005788536865633,-3.7799358785887884,-3.931272620530144,-3.962733507065519,-4.145958708547179,-4.293907737547105
-0.1275,-0.0017152844528455387,-0.002087737791309704,-0.012689620440247884,-0.005586113607588656,-0.03266897766767904,-0.025099728108145564,-0.08601659555548966,-0.12842105329835565,-0.21013969374194424,-3.1045879307470035,-3.4777852800331575,-3.5637298649634586,-3.6977561913390797,-3.8589097728377877,-3.9262703713794656,-4.077260386953067,-4.1932943896761445
-0.126,-0.0020405295307366917,-0.002850541137128839,-0.003817506441958544,-0.009527201436595708,-0.025390730789551737,-0.02271043279983073,-0.04928550728227617,-0.19540462404096692,-0.13901882875760774,-2.9934151172489356,-3.37036177751548,-3.471083906662291,-3.5967864467378385,-3.7654179887700066,-3.8837471947025257,-4.004680847052974,-4.1250234016992815
-0.1245,-0.0034755312761573175,-0.005553123724370687,-0.01021179082984976,-0.004485833260418935,-0.030134168389588566,-0.03816445124614222,-0.03311622438490543,-0.0972129092728005,-0.22137501575199772,-3.1170177505247034,-3.1064130177980718,-3.5025147187897288,-3.514826430528144,-3.772931866731754,-3.7993350141308193,-3.9452745800919646,-4.0561722206630595
-0.123,-0.013877763754788035,-0.019410844646609235,-0.010998520651181837,-0.0027386067578301088,-0.010150192003180472,-0.039765604312280094,-0.04288533778982095,-0.0388774262589254,-0.2128793794853549,-3.137115241013368,-3.294668365498299,-3.4735806260932276,-3.455097591511547,-3.6457947096681296,-3.780111973727821,-3.8686842396604026,-3.9808339131735444
-0.1215,-0.018111931811877324,-0.012859341445487235,-0.0033783851776071783,-0.0024669532425715523,-0.00828234300345834,-0.04279637703282937,-0.051038255736282505,-0.07037069775978291,-0.2490809601573935,-1.6671380654298145,-3.1918189429512545,-3.347143629111747,-3.348889416092338,-3.569418272403486,-3.6719363615301166,-3.82891319998659,-3.9420339812006104
-0.12,-0.0046620698324481005,-0.007554297700309679,-0.0026705039139339414,-0.0023535269995193977,-0.024216107631415476,-0.03589289065549678,-0.04188565034175658,-0.05187796356955713,-0.14585118690360432,-0.5730318754584214,-2.940494506063414,-3.211315362684675,-3.3651735987776776,-3.5108809614209164,-3.6875257437491555,-3.737739091336671,-3.851930509744176
-0.1185,-0.0024051370513301883,-0.0030350320947556773,-0.0023095539990893523,-0.0022457645056768046,-0.045820974439341855,-0.021429400303117564,-0.027097950572807214,-0.04622040585861082,-0.13788277581128322,-0.3536263352368667,-2.384084494065835,-2.9935095270229723,-3.338309484445689,-3.4164326288473514,-3.570840854762635,-3.6998542525123863,-3.8197466500429504
-0.117,-0.0020243916080409374,-0.00252908550143195,-0.0021026741200318496,-0.00217223292757598,-0.01699271439376962,-0.018472214767638908,-0.05929129274126168,-0.05758992398461979,-0.08117080720250196,-0.2253697172393595,-0.48078155139880197,-3.034017338781202,-3.2734858207052535,-3.3555843465430644,-3.5409268705058348,-3.5806012596220134,-3.7075471045815047
-0.1155,-0.001874358346405818,-0.002307653982455003,-0.001971837157173996,-0.0020862203578929984,-0.026308721152451146,-0.02815426473881684,-0.05132393489232539,-0.04545739616831895,-0.08070858794465528,-0.14949365151468116,-0.26527583807057525,-3.016119604896588,-3.353176419426644,-3.272123338158495,-3.4928075365092406,-3.5516101023411855,-3.7084993770029575
-0.114,-0.0017521813820836924,-0.0021751208928523533,-0.0018623277916037335,-0.002045682397830676,-0.03603172071652809,-0.02603788899926638,-0.03937008912343149,-0.03472516898748049,-0.06022969704023463,-0.09432666071030359,-0.1723633824924224,-2.913175002561786,-3.191399132722978,-3.2486099423920067,-3.344428491461595,-3.5218815043993708,-3.5945943456629186
-0.1125,-0.001723521132368393,-0.002075152935632789,-0.0017769039023905874,-0.001998417348003691,-0.03304522535310277,-0.010368187387291472,-0.03970552136792662,-0.04099757072014567,-0.05816073100510701,-0.08712685890345621,-0.1686764393330187,-2.870082517131612,-3.0776703920156225,-3.1731148900375827,-3.282057002491733,-3.3519371238765467,-3.5284430787054886
-0.111,-0.001644071001654689,-0.002032793895733977,-0.0017264831498273348,-0.0019666711442321736,-0.018863319816676626,-0.02063689890258906,-0.03290525723806934,-0.041444897728378394,-0.05572573409131997,-0.13738575827793514,-0.27245582063959034,-1.2517912445133834,-3.020339401934044,-3.076530293094068,-3.1785023872433587,-3.382073103445669,-3.482508818622105
-0.1095,-0.0015972765457501514,-0.0019942288717357424,-0.0016680648504977529,-0.00191420548708076,-0.021575062920900195,-0.020515383111362636,-0.02164959767487129,-0.044422454565702124,-0.06678033628883473,-0.06415693084676413,-0.19559265243968751,-0.5278218228284736,-2.8395875700514446,-3.064216165491282,-3.1291068091834675,-3.2595139800934567,-3.4138032116426396
-0.108,-0.001567387198492291,-0.0019841363092273374,-0.0016408396036995364,-0.0018678078687316053,-0.0055330030215079585,-0.016390902301058996,-0.045572689429672124,-0.040446760113548724,-0.05331131882772536,-0.12474607277697965,-0.20996664714082464,-0.3555814569822122,-2.85432248883108,-3.0014681884565304,-2.946159173310026,-3.1938356584170355,-3.4027615566190947
-0.1065,-0.001515066152255847,-0.00205379731738417,-0.0015989171770349527,-0.0018513053053306942,-0.003426674893167881,-0.019307468211434406,-0.016755453670572514,-0.029169410287731394,-0.043368151720385974,-0.13295740402451578,-0.2771936759557959,-0.20189157627933035,-2.471475811956822,-2.9057975623863554,-2.976709559496027,-3.108490592393067,-3.247080185278314
-0.105,-0.0014947710015717347,-0.0020971185122166786,-0.0015514533635267267,-0.0017819681816522576,-0.0028378084202814184,-0.005494544001418646,-0.03598260764098961,-0.04157583367479508,-0.05137747893242908,-0.06305350348320714,-0.16864937067793542,-0.1956389710971365,-1.023977936296586,-2.795929806525184,-2.847584147802551,-3.1144035673293544,-3.2355460213623104
-0.1035,-0.0014662950004395443,-0.0021320359878532467,-0.0015205108815817862,-0.001741148658785185,-0.0025658428741196586,-0.0038205620282897763,-0.03522330220023005,-0.037730857486432234,-0.05625050006253523,-0.06821253824340207,-0.10100078239834832,-0.1651747590010725,-0.46223491677217304,-2.739838093745114,-2.9115378032162513,-2.980016409193572,-3.148652897227474
-0.10200000000000001,-0.0014049186047820367,-0.0021362016566762797,-0.0015821749461916743,-0.0017447662642976524,-0.002365399843151081,-0.003267172859077584,-0.028615570287481983,-0.039577978994019006,-0.047452386400689016,-0.0535128211469929,-0.06825355644217586,-0.1388306083701546,-0.30977036506330347,-2.698895163355715,-2.922106905091607,-2.9728840117689463,-3.104475010038469
-0.1005,-0.001350492376045375,-0.0020422248032340934,-0.0019572482189323687,-0.0017233846490154244,-0.002293298614632058,-0.0030068101448445747,-0.0359402583698,-0.037266281511435975,-0.03460151952577466,-0.04218109183643407,-0.07194453685396465,-0.14824518335386075,-0.35544556226155133,-1.5002256402276295,-2.7801854698002884,-2.856006280562605,-3.0076958046315254
-0.099,-0.001393190362918917,-0.001988287723457687,-0.004157197719833469,-0.0017066306733865219,-0.0021622478313420407,-0.002940648104988349,-0.026257011286463055,-0.040842252930264576,-0.0421227320007898,-0.07048477834045092,-0.05780881803530643,-0.16617712720982974,-0.19665549853404518,-0.7680621909318862,-2.7289291625148975,-2.7501517998455074,-2.94053858484923
-0.0975,-0.0013542117433668142,-0.0018844319427444392,-0.017995124142674544,-0.0016598897403291746,-0.0021110777866974644,-0.0029964359148732236,-0.0095340742818215,-0.043128724196231684,-0.047836889674310226,-0.04455652513001786,-0.06771287593260633,-0.1475311423994356,-0.14162934837593047,-0.43715756771037306,-2.6579793053261564,-2.69606041949022,-2.8828439376562334
-0.096,-0.0013183390212009323,-0.0018082438932498378,-0.02011885184231866,-0.0016710368152929099,-0.0020349469088992937,-0.0031121121324633365,-0.015884685473535522,-0.027089041208027582,-0.042095156390314796,-0.05300256402835388,-0.05589833849258302,-0.1409271131492463,-0.15223429780093847,-0.3311687934411486,-2.6212044577571176,-2.629579454910913,-2.848159753723965
-0.0945,-0.0012777055111211954,-0.0017260112675898142,-0.003838674684409726,-0.0016942101652413996,-0.002001577792957639,-0.0038133674401494653,-0.008098842757092715,-0.04252073559645344,-0.03286535977417271,-0.04773670998866068,-0.04884706751936697,-0.06539158539405882,-0.19162579314149555,-0.2940249772270075,-1.0792329443733595,-2.546983886045205,-2.756671535871943
-0.093,-0.001243707172948295,-0.0016669513839032213,-0.0024519044745217964,-0.0018246944882960197,-0.0019173095227643195,-0.012971692741005474,-0.014319716266117291,-0.03231494724265143,-0.04167138727459782,-0.04486297780495707,-0.05778011761522489,-0.06797800312640204,-0.10226632839585194,-0.27843952738642946,-0.6051378778005994,-2.4740682276788424,-2.6489980257328507
-0.0915,-0.0012456294121161132,-0.0016308496484695003,-0.002095045414139677,-0.0020319881152678332,-0.0019148801438020678,-0.029062478965674057,-0.026653169585255248,-0.03804822070913854,-0.04451017623542969,-0.04788036989097556,-0.06405421530641948,-0.0717523831725683,-0.07563444613369907,-0.2648072185670194,-0.3848336407009591,-2.4924801423276843,-2.617765909386949
-0.09,-0.001235550827861393,-0.0015888503220186359,-0.0019392778868017816,-0.0021063202006011954,-0.001844692425617023,-0.027143076845759943,-0.02379954601674243,-0.019224285714586762,-0.029871301061618543,-0.053028518168820545,-0.04877907307042092,-0.07044201682639048,-0.07453760038274156,-0.12685396710780847,-0.3427566195945701,-2.172341675528277,-2.5571646090182036
-0.0885,-0.0011825439379916029,-0.001515574777261969,-0.00181143714400829,-0.002071148232813726,-0.0018674761414349827,-0.022829502540539226,-0.024423225493329474,-0.010896143860107654,-0.02934504150754986,-0.038549723920822024,-0.052203911159201796,-0.04683502889610809,-0.07518478772056669,-0.07506938809661756,-0.2545051689689609,-1.0784141761830344,-2.365546091096034
-0.087,-0.0011661421466783468,-0.001518256732037446,-0.001731576063728722,-0.0027838622501592724,-0.0021264122740543936,-0.02428586862169986,-0.020212525190677524,-0.02261361692407559,-0.03097519938075733,-0.04089263985090454,-0.06327385020999172,-0.06417059832221965,-0.07933129808619736,-0.07772069259008293,-0.28007556757510366,-0.5777903756443915,-2.4088205072148416
-0.08549999999999999,-0.0011633687671130384,-0.0014540489820108811,-0.001682168004425675,-0.009583150620497518,-0.003732200063488626,-0.018988323444865108,-0.009795699114402,-0.02457202283202741,-0.021908700658482036,-0.03724206701908004,-0.05315906004920527,-0.06272274741517916,-0.06934594611453282,-0.08974700859596114,-0.1497664572369012,-0.23282000923645285,-2.3072967402045137
-0.08399999999999999,-0.0011344740725323973,-0.0014210464061058068,-0.0016386396008998688,-0.00951019485540132,-0.013931777126719988,-0.0054948684244853965,-0.016975676230091687,-0.034808452980646325,-0.03296537743302504,-0.041997644885468886,-0.04936561627776819,-0.053949451742753805,-0.06482823425243832,-0.07994657982065893,-0.13185716434662986,-0.22256416857449496,-1.4149516549194379
-0.08249999999999999,-0.0011239770926536538,-0.0013976967405882883,-0.0015802614212475385,-0.006908556177413576,-0.003427439534182808,-0.0035578239550555814,-0.008083597595559518,-0.02327947967152441,-0.04834630127058031,-0.049926472195821976,-0.03919427814291428,-0.04886068947013273,-0.06117550560876321,-0.07877367721957897,-0.1371420020329802,-0.2942849607534867,-0.7060192962085322
-0.081,-0.001087673690461334,-0.0013834316187000364,-0.0015307224349667427,-0.01258017147526128,-0.0023313459455975684,-0.002919573809634452,-0.012743132775859442,-0.028613645370630755,-0.012892646565842348,-0.03446578459864725,-0.05364862760141441,-0.04989776405711528,-0.0712725552241863,-0.07174525985006076,-0.13568515823030053,-0.17999400641057492,-0.32980872336819517
-0.0795,-0.0010851061225339606,-0.0013455039619201296,-0.0015319528275744541,-0.006767471109712317,-0.0020865515624405337,-0.0026202729070525853,-0.004178798424505809,-0.008681310877468547,-0.01880301738579129,-0.015282650474792978,-0.038278136900590176,-0.05937280079337651,-0.05099273331522824,-0.07158649050853366,-0.13918349786528697,-0.16193823534487026,-0.340145636026257
-0.078,-0.0010604459424402204,-0.0013276953061396302,-0.0014855958145159958,-0.002919378337937138,-0.0019519971457447002,-0.00248425847527839,-0.002996791759009691,-0.005153975887091312,-0.01956780241073061,-0.027417444994884285,-0.04442500861063392,-0.044217576916751274,-0.05812656288413474,-0.06293230729104182,-0.07268230410262012,-0.17469588115310639,-0.30527795226623206
-0.0765,-0.00100802213762428,-0.0012837657985690586,-0.001472286911022334,-0.002628713561942543,-0.0018580117985333492,-0.0023394180458222104,-0.0025824532011519625,-0.006244462733533943,-0.025714334438777655,-0.04174096477674174,-0.03842486880107675,-0.04166195602783672,-0.0489371646648885,-0.051753522553323106,-0.07448720827514652,-0.13196421173019818,-0.14246282644928834
-0.075,-0.00097509200974188,-0.001249041523672673,-0.0014534766967787677,-0.002899864172055725,-0.0017905416371512498,-0.0022725868369714523,-0.002357687160019492,-0.016428622217844593,-0.03954521107803368,-0.038893275826170505,-0.04272772529085656,-0.04349911206576418,-0.059334120440222876,-0.061385953447126614,-0.07723868472691363,-0.13158256909347094,-0.16770843233443197
-0.07350000000000001,-0.0009956727321138502,-0.001219568579504745,-0.0013845422867278115,-0.00553904580772528,-0.0017212936977459784,-0.0021665252669488067,-0.0022011004221545354,-0.008976669651866909,-0.0232878651614929,-0.0234919038649845,-0.03742075182836301,-0.04943406019709954,-0.05574232821018138,-0.06637575496543496,-0.06320136389541862,-0.09167970631153245,-0.09656021440122159
-0.07200000000000001,-0.0009529291648959758,-0.001200631554908117,-0.001391934710375624,-0.015768029707493556,-0.0016599757729771273,-0.002139050747236863,-0.0020978672562612416,-0.014248411273307483,-0.01870205312222713,-0.03278373544584349,-0.028105799318254986,-0.04618826889034299,-0.04963683901373092,-0.06151628451679334,-0.07340333876351213,-0.06886782324691573,-0.09133987316046926
-0.07050000000000001,-0.0009472591975194058,-0.0011821996553268539,-0.0013716539524981505,-0.0034162655485677706,-0.0016205295003146015,-0.0021823089704664116,-0.002030326921417256,-0.004765450935322253,-0.0318370521240294,-0.019907266277593826,-0.034560170766673705,-0.04145231886172518,-0.04565664221662277,-0.0566865906757883,-0.06622558542934721,-0.08443319856074491,-0.09074924593867008
-0.069,-0.0009209483696884296,-0.0011481889008263457,-0.001296498372870479,-0.0024907024406456177,-0.0015820885857792738,-0.002360530588645983,-0.0019539020433573407,-0.004874046151071658,-0.013521504301952942,-0.016738548626310162,-0.026332593472905126,-0.0371124949614971,-0.04427897982031979,-0.057373341964285195,-0.06200261995026671,-0.07447543092881785,-0.0825687850688995
-0.0675,-0.0008909747264526861,-0.0011320935837320692,-0.0012537438540271473,-0.0021885249853110834,-0.0015130501143030212,-0.0026143944130183703,-0.0018761824945749874,-0.015086293457846484,-0.01568914196495349,-0.012754123830132968,-0.026622066661490855,-0.022770383947030706,-0.04105084573887214,-0.045702336366972296,-0.07714592019867508,-0.06931444253628269,-0.07299850079395499
-0.066,-0.0009008567698906365,-0.001092711335806645,-0.0011748858634662432,-0.0020485969759836665,-0.0014788041695713147,-0.003332069962825278,-0.0018124594760381238,-0.005441787489389354,-0.02064108988652928,-0.01794628528394483,-0.022842498982259637,-0.029228313892982676,-0.04295296143103804,-0.05901302537490077,-0.05402660367183499,-0.07120633713090173,-0.07973751859028676
-0.0645,-0.0008649712418580253,-0.0010812048533814513,-0.0012173058283943383,-0.0019649235668912366,-0.0014461344566663304,-0.009088614272079043,-0.0017868126966833957,-0.00547659568100937,-0.013531512902851803,-0.021423386448327975,-0.025145454815911152,-0.040841721479314086,-0.045752246975657516,-0.058988073394203915,-0.04902985103003063,-0.06448829460358696,-0.0686171297543506
-0.063,-0.0008546312942361607,-0.0010503391823714894,-0.001836401140317551,-0.0018748005542206995,-0.0014047680061588857,-0.00842201683886876,-0.0017327716086301022,-0.012469902972173198,-0.0056506210559738295,-0.018926391944558425,-0.024853617898467364,-0.031786260471193276,-0.04549434173948789,-0.039382442952846056,-0.06416009566777844,-0.0673635479982971,-0.06795905892127818
-0.0615,-0.0008597748358805137,-0.001023265514328605,-0.00546581362107591,-0.0018438309020110037,-0.0013966320095031692,-0.003302773687502701,-0.001649528260023628,-0.0036759565758841812,-0.003934185124561531,-0.019614542865413385,-0.032981000550548374,-0.04027262362434493,-0.02957049173583925,-0.04253580038492807,-0.05686496282384276,-0.06086838601261571,-0.07722221489055842
-0.06,-0.0008034575370543329,-0.0010128964347857373,-0.01332218421541273,-0.0017508931475127818,-0.0013896170328443237,-0.0027893039670266132,-0.0016478797032170804,-0.0024768013108596404,-0.003251161197517518,-0.017435748158763455,-0.018582527797698093,-0.03227947545053955,-0.054485632857779034,-0.03717644387557751,-0.044280506747081394,-0.05247161579527077,-0.07436594828140758
-0.058499999999999996,-0.0007924301312945633,-0.000972035304330457,-0.0023704590906591344,-0.001700803667837928,-0.0013144726599811367,-0.0024549050348952567,-0.001590427876881917,-0.002263325367662926,-0.002899554086876394,-0.015532931833942876,-0.024023400419022428,-0.017381680621899015,-0.025140882543711083,-0.04515804841241525,-0.05617298121033453,-0.048819018827264894,-0.07322988617861681
-0.056999999999999995,-0.000780768816401042,-0.0009522387884954279,-0.0018598389592758703,-0.001662378228050095,-0.0012822646938526053,-0.0021513877633045557,-0.001557773925786803,-0.002249186376640173,-0.0026605762121034962,-0.016591528703690885,-0.0137514202626238,-0.014671145884603356,-0.026043409315812338,-0.0386483709495696,-0.04717183040259035,-0.0636361659011633,-0.05847169449953284
-0.0555,-0.0007582289607020636,-0.0009461585102188492,-0.001678240414000017,-0.0015996571256725828,-0.0012742422484035604,-0.001831049308951393,-0.0015008694964619004,-0.0023213048854003743,-0.0024561182667772754,-0.007380035267107244,-0.013565369465158012,-0.026071061761618965,-0.042124608874738144,-0.039159584609357465,-0.04295006147740915,-0.06837083606267108,-0.06043503635144311
-0.054,-0.0007186798694183386,-0.0009042136247804716,-0.001568614073846431,-0.0015836995246339574,-0.0012396396814654575,-0.0016140478956900583,-0.001458368114886031,-0.002656045275305399,-0.0022733806704300715,-0.00465315531138464,-0.017033425144249135,-0.024278235993263758,-0.03527314554682069,-0.03275930760229783,-0.049631418087342755,-0.05408106788345359,-0.05941743999967111
-0.0525,-0.0007060347344473648,-0.0008996087197014137,-0.0015051560526883501,-0.0015390793981685637,-0.001187937702300329,-0.0014722824052455456,-0.0013909942192175083,-0.0034937150984417123,-0.002095394793964101,-0.0036874136696752966,-0.005256280708040851,-0.03825782831904975,-0.030969798983492607,-0.03185404304804595,-0.046072844407058645,-0.03884001209986415,-0.054920683206759455
-0.051000000000000004,-0.0007113509193965751,-0.0008707724893640646,-0.0014073077717115588,-0.0015077132271547047,-0.0011904686068694842,-0.0013358168170757847,-0.0013478575584269532,-0.007027267100534782,-0.0019463506685641354,-0.003193362698571095,-0.004512358240533232,-0.024339402974578542,-0.019981585436762237,-0.037247884198195115,-0.03927777021154551,-0.04281690741447408,-0.05842118188798943
-0.0495,-0.0006662115886561168,-0.0008116644629864848,-0.0013449753418516503,-0.0014437885835319737,-0.001140918117027642,-0.0012637882609980704,-0.0012888801164402607,-0.007715421654295292,-0.0018496592357772931,-0.002865614956322276,-0.005086553033045881,-0.017977282457602016,-0.026136747965415565,-0.02744805774334391,-0.030307527829567894,-0.049745653643054194,-0.05406835783013337
-0.048,-0.0006549920488921494,-0.0007890516085972345,-0.0013329192182877682,-0.0014253312417777755,-0.0011449456706501217,-0.0011968322886646604,-0.0012157504358825723,-0.0031016825875130696,-0.0017693738248002323,-0.0026558536399694664,-0.007309369544530459,-0.01274762351218754,-0.029147172208237777,-0.02869143326135219,-0.03684519059696387,-0.04367531524244444,-0.0443659281746162
-0.0465,-0.0006351577048584387,-0.0007794345044821299,-0.001293194074946333,-0.0013748887109266059,-0.0010934041217396371,-0.001128673597047681,-0.0011525335218837518,-0.002509632791577734,-0.0016950478053200477,-0.0024944531468195307,-0.01532796282876324,-0.01717738575028774,-0.024838801939462363,-0.027404302624049602,-0.044848418491988847,-0.04419278900121336,-0.04678810515177594
-0.045,-0.0005934753138085691,-0.0007271913130870933,-0.001257847562814714,-0.0013422598857668053,-0.0011204619632869505,-0.0010486818678448388,-0.0010381641770127235,-0.002202943942399553,-0.0016654634988723124,-0.0023636636798977932,-0.019567655830227938,-0.01328605927221503,-0.010557256781560838,-0.02169178323429379,-0.034025537034242055,-0.032707700353436155,-0.04469194249211687
-0.0435,-0.0005748234766496417,-0.0006686149181757352,-0.0012763417290044138,-0.0013518417124685099,-0.0010429609939383601,-0.0009173416929633589,-0.0009816968622945008,-0.001961858963562575,-0.001729505492128637,-0.0022601699668420463,-0.016108822898639335,-0.006740560270711155,-0.00729344225913523,-0.028407793116294697,-0.029671455467253173,-0.04249081924534178,-0.04679406134397453
-0.041999999999999996,-0.0005250564413870353,-0.0006497869548371412,-0.0013427773856712459,-0.001321644856966796,-0.0010350117786086983,-0.00070822545397371,-0.0009862561335375905,-0.0018066729319239326,-0.0017317507019399192,-0.0021265705729926455,-0.008901326854588316,-0.0052519518253211755,-0.008139162761980729,-0.028616103125900988,-0.03442598606865439,-0.0390193438808107,-0.046947575724929545
-0.0405,-0.0005482155953269411,-0.0006379323612193863,-0.0013265311380847562,-0.001274165444178237,-0.0010327796546913007,-0.0005755713355745934,-0.001045312826932096,-0.0017513249591482654,-0.001790221061939764,-0.0019018317197343473,-0.01422847917628561,-0.004703652721299751,-0.013132393552168145,-0.01829576447471289,-0.03350346752851125,-0.03130797640222047,-0.03001207004497008
-0.039,-0.0006228686442671347,-0.0006872168494667583,-0.0012223395561257635,-0.0012572022149137645,-0.001017116536818633,-0.0005756273213390629,-0.0011248997235423011,-0.0017716316923526482,-0.0018179416931509752,-0.0016122631802737181,-0.009484163191670884,-0.005108586217684089,-0.01429293999513703,-0.016735219721521564,-0.026642595972293404,-0.022717417586279834,-0.0376485702915397
-0.0375,-0.0006994379330601766,-0.0006576384462570449,-0.0010757614416544619,-0.0012482316329746122,-0.0010313406664552128,-0.0006730581963741616,-0.001223783220026566,-0.0017443962435888527,-0.0018526167602971,-0.0013155940515907581,-0.01699582139427983,-0.008746267606481192,-0.01976513403575599,-0.011182898310269035,-0.01606221988205351,-0.031224517616555165,-0.03377345146095099
-0.036,-0.0007043829797466012,-0.0006440178348793916,-0.0009662066009685736,-0.0014319063732269788,-0.0010148434915066625,-0.0010489573223561764,-0.0012734916993642476,-0.001737152263231757,-0.0019679073895362735,-0.001377071315644913,-0.009185373374950526,-0.007272018187618087,-0.014842787691272055,-0.01613697384823811,-0.02013332550161735,-0.03220311116503384,-0.026489860591409
-0.0345,-0.0006842802276623058,-0.0007514419802091911,-0.0009077971453035575,-0.003026089905635875,-0.0009512802804792089,-0.003505638748112514,-0.0013710506547104226,-0.0017719578504120552,-0.0020824758769629843,-0.00165887228014483,-0.004858241691561595,-0.0030061345686841034,-0.008836153132589338,-0.020620016162090492,-0.013732860989090018,-0.0184770064284899,-0.02611779022514093
-0.033,-0.0006980321211802472,-0.0007348826894654854,-0.0008882562274166789,-0.014931353068746725,-0.0007843062450907629,-0.012980379338009747,-0.0014763817126407681,-0.002008730812501516,-0.002628796755163544,-0.002048221360144844,-0.00436654561660973,-0.0026263477900793425,-0.005599159381682218,-0.022893165906389082,-0.014094921228419337,-0.020404760055525058,-0.03538596149253406
-0.0315,-0.001151342727106779,-0.0010452293176264986,-0.0011001811715103996,-0.0050928443091792395,-0.0012784962762880648,-0.0019207051520122825,-0.0015338685370755922,-0.0034239049655868155,-0.005917827857100226,-0.003396215784132577,-0.010089353443652046,-0.0028735748798964502,-0.00987900778424801,-0.011379378256903109,-0.014677982155126577,-0.032146897506389875,-0.027746801443170595
-0.03,-0.0010289306406365386,-0.0023185812704153348,-0.0020463330410647575,-0.018409355718219427,-0.0031795379408674157,-0.000996715165820197,-0.0018966411266197847,-0.009547838707151297,-0.014401778206552241,-0.01090367127525461,-0.005331874747005049,-0.00451405830253283,-0.023431937514317408,-0.00937376044446706,-0.01968553896059992,-0.031982608138258053,-0.025478911501540445
0.0,0.0016042615957270689,-0.019191571668357,-0.008130533484777424,-0.013212191974504874,-0.006072728531571484,0.0005753155918411677,0.005290268635679757,0.000702545063500374,0.013321212157587067,0.0023050329949077246,0.014625008317002353,-0.0026538537576873524,0.020780823454421293,0.0014841717677225458,0.009271311878902826,0.004949252302973908,0.013558716942612202
0.03,0.004697587921850946,0.003315386811899457,0.0058837755062130384,0.006575856048866861,0.007112885254938645,0.010034574551097488,0.013751310789059248,0.01580593090866011,0.019140248677794364,0.013991941240363407,0.017018888616473257,0.01591390091315833,0.028933733293746388,0.02535676092814184,0.03396125571168506,0.0340998649740604,0.046915105193421826
0.0315,0.0005598401162166146,0.000985887592151346,0.001490808228695351,0.0013721520922422676,0.0008086489363560828,0.002214173394285632,0.0037750720976244844,0.006644110150997389,0.004915726082108346,0.0026625577341603795,0.0069851470250258405,0.008106756124953837,0.012414392380391702,0.019781840983700973,0.0276381766384137,0.014071730131837596,0.03426538897057869
0.033,0.0005781450948861344,0.00080623734902314,0.0008446296098748037,0.0007282441338157587,0.00040525166438882957,0.0014150293851607672,0.001808175178823814,0.009643198245717348,0.002499687711118252,0.001157317787459857,0.011993417057934878,0.01603155405460694,0.01642241772085795,0.020489886872811853,0.02217909755306486,0.01742457198106662,0.02587424599075658
0.0345,0.0008059449171872166,0.0008286280150954592,0.0007871550788080199,0.0007743001421443766,0.0007826343645301318,0.0013556357290233742,0.0012405881071001902,0.00534859555632711,0.001872852751771047,0.0012142861436675683,0.020577686353149313,0.014243930050431317,0.007674251893346371,0.00910578688593195,0.014606135625006015,0.035189081172137766,0.03169903761704719
0.036,0.000793083225033895,0.0008072910881748305,0.0007802357933420176,0.0008955016785508917,0.0009608098696838163,0.0012566215154471497,0.0010775213845667174,0.003722476569073461,0.001500184562105369,0.0012344195323335666,0.009298302216616431,0.0061089634248512855,0.022271765077265054,0.007932521744936203,0.01121168423559001,0.033327575656011986,0.030335313344652372
0.0375,0.0007714888542172816,0.000827110917679141,0.0007916338966768077,0.0009607535626483953,0.000910039921159708,0.0011495618594302083,0.0009316787802317633,0.001732183443045845,0.0012849202969834905,0.0013392421453586349,0.004312996530605874,0.003807466195095113,0.01585652753848939,0.009929290585148989,0.012536184565900423,0.023844428335852694,0.024441893836059343
0.039,0.0007407766718913917,0.0008288405994833876,0.000786259180170584,0.001037320923375962,0.0008731956746581795,0.0010022210907475605,0.0009501584105905118,0.0015437354873184114,0.0011690818907281976,0.001517521025711064,0.0029826639252134315,0.003534714577354936,0.008725729070375322,0.013150059379615876,0.021331853190431675,0.02470614158047777,0.03513097242760752
0.0405,0.0007274659230817808,0.0008510796275231337,0.0008373488893439541,0.0011239263739428133,0.000811196254954499,0.0010123182260067828,0.0009109752774522252,0.001593834687144861,0.0013187139800041902,0.001665705424371725,0.0025773856733021347,0.004025679019119738,0.008637684108601787,0.021233494625456067,0.0332008087142117,0.035055847293988904,0.04030652417806761
0.041999999999999996,0.0007435764238640645,0.0008692469217918417,0.0008522941649178404,0.0011821092315408312,0.0007838058406152519,0.0010416427648348207,0.0010137663910143935,0.0016523048866640632,0.0015998273685542135,0.0017916278055573997,0.002496110698414569,0.007872885902401207,0.008842676983616965,0.035425647194180086,0.03346978813799838,0.034128022413348405,0.04801525780884149
0.0435,0.0007687399348443011,0.0008844618618407943,0.0008600667742701041,0.0012283566478807333,0.0007780509321102637,0.0010803718844422017,0.0012463373155303778,0.0016812698014367312,0.0018331270988541318,0.0019003315367941377,0.002584541926625122,0.013402245857491144,0.0062054623311833985,0.024206106065555164,0.031232662185173475,0.0375073354160076,0.04117721099580386
0.045,0.000804773463946275,0.0008990063635841811,0.0008655983936906346,0.0012403174777870193,0.0008191618431448469,0.0011187046957209543,0.0017802646741138745,0.0017507773472776043,0.0019779059528929723,0.0020295215197057253,0.002879546737209076,0.006967560414828552,0.006629867860265279,0.01401637867181448,0.02266008060578111,0.042689724938636424,0.03319208346122831
0.0465,0.0008387872593304551,0.0009317049748891345,0.0009096193500356447,0.0012403662978551742,0.0008927338331157587,0.001142095346665136,0.003993727286643559,0.0018911399047504267,0.0020927024976665058,0.002149467704333458,0.004366813983867392,0.007313925667822909,0.009530731254187096,0.019347102075259515,0.03341593175819236,0.04358874150716265,0.05276943821493956
0.048,0.000853199338347092,0.0009333829955258155,0.0009408570743088392,0.001232483473839873,0.0009473071111236387,0.0011617230302299255,0.012930794855318289,0.0020954718953695465,0.002219930455181475,0.0022916177084356107,0.018414741964176657,0.011344068090711285,0.02916158030662513,0.03993491382694735,0.04103892389779941,0.04816494755038725,0.04949170967224357
0.0495,0.0008950027024435467,0.0009602336285450733,0.000921071442556761,0.0012701093323614922,0.0009876855211749201,0.001199277014315731,0.003361729338260813,0.0025650474289577586,0.002392282610839146,0.0025687708161706985,0.011771372918225099,0.012300246080809858,0.025754399938687663,0.022990956930651597,0.02933782665037405,0.048775013807636956,0.05517300744710821
0.051000000000000004,0.0008842053013305067,0.0009825628452620435,0.0009675668645083238,0.0013105347587019475,0.0009997480823986913,0.0012372026653815294,0.0022372237182579015,0.00516827418875876,0.002674404009772809,0.0029983716835054134,0.0064538518220356,0.02470246951919567,0.029561358161901596,0.03644562439027593,0.0397261483181729,0.02955727921270647,0.056964015493238006
0.0525,0.0008423644022612084,0.0010354952573900637,0.000985976586326622,0.001304486054563842,0.001065070332108178,0.0012981693190275215,0.0030230962269120927,0.007471958589905342,0.0034026653439633452,0.004521235996866152,0.004092103940027905,0.03772761563123217,0.02347909921463131,0.02950764663798048,0.04794893176809523,0.06092829893160891,0.05828876713520667
0.054,0.0007782790774121054,0.0010095604726546212,0.0010105475516445249,0.0013441218630902702,0.0010787400042811105,0.001377481026230275,0.016244468377300328,0.004084978340766593,0.01339907181875485,0.021030281399393957,0.005046044457001598,0.02308371029400596,0.026529765225299883,0.025293793802431595,0.04002805331037445,0.04837268492283077,0.04733391170592708
0.0555,0.0007684109019539789,0.0010566458167244486,0.001020665894945958,0.0013903658806328368,0.0010962332880139775,0.0014758954746358671,0.005027960128413157,0.0032071259442314356,0.009092429624505353,0.023569497677193976,0.01663282705451588,0.017284467085498363,0.022361738909587,0.045687611789475335,0.036515418385186155,0.053237589920160734,0.10921314944991652
0.056999999999999995,0.0007532754456129562,0.0010568613786834046,0.0010276012048420738,0.0014104601147167492,0.0011262763755046476,0.001571524385320209,0.0030170583455200973,0.006858082182969079,0.005737630450645411,0.013358560007576578,0.025290972733001627,0.026835224930375035,0.04483935878350834,0.0422781801300495,0.03505060824649729,0.05462128827912578,0.15642917951185795
0.058499999999999996,0.0007457845786448664,0.0010934348659930586,0.0010532040789768772,0.0014336747366680775,0.0011318618666584053,0.0016925700259116424,0.002633094006360568,0.011297257360196987,0.009311805633935574,0.011041866124937195,0.01297093449556028,0.03531087520564494,0.02294632553151707,0.03968681916007428,0.049799465043904464,0.07617201384683715,0.17016451394251764
0.06,0.000758646974623357,0.001102859353550459,0.0010920745332945545,0.0014649967957596937,0.0011306189594702338,0.0016910366279058492,0.002541899134050789,0.005667183621163545,0.00884722871559797,0.009161733181171642,0.008907714837352074,0.041571398765519144,0.028302604720866605,0.04961573137698378,0.05625674513205346,0.16978096191483658,0.1406311390023292
0.0615,0.0007478573083061527,0.0011257112217437505,0.0010968270910762462,0.001504057216432651,0.0011926707793789562,0.0016572363632130437,0.002686925646344214,0.009987717490234712,0.009814619376402007,0.005663597788284005,0.025240361260103816,0.026323767753653058,0.04881333982115518,0.03911866786476081,0.0560719281775778,0.19033234822876446,0.05784105572472385
0.063,0.0007829357330084126,0.0011434881880418156,0.0011565805539949894,0.001515650360624293,0.0012129057420899457,0.0016305891662740045,0.0027311119094451265,0.039867617590016224,0.02069097005890365,0.005873882324889402,0.019378070444915088,0.026728089374953242,0.048262475102806915,0.05571189945384068,0.09859699201301646,0.20579567937902712,0.18616024159746858
0.0645,0.0007720655614708627,0.0011652620813631593,0.0011655290564409175,0.001577032712750686,0.001222454799590875,0.0016712479939325882,0.0026742889331900286,0.010235933435251686,0.008334603135018917,0.020235878377342604,0.013201386255840702,0.040830465338777495,0.0400630426503036,0.05029672525016344,0.14187561143312116,0.06235216758197334,0.2415244916515672
0.066,0.000817407023365697,0.0011795527566767219,0.0011872037221918486,0.0015956194493719177,0.0012323862481612043,0.001718596440483085,0.002722657724503481,0.006613043187236177,0.01045547647326514,0.020221984847437775,0.02069760119562351,0.028946938016487855,0.0278867524800052,0.06400052520662193,0.13433170382113757,0.08849334772372648,0.24716334920332628
0.0675,0.0007910946000114668,0.0011990294501997665,0.0012385108689594092,0.0016460197869241993,0.0012995385398444205,0.0018066268937773288,0.00299323556706824,0.015218159072433365,0.027205294755797544,0.023522658386614007,0.02445487080025468,0.0364801792101154,0.03824723215877403,0.11632539164339839,0.12987651916214982,0.24605746101688036,0.24854856866375794
0.069,0.0008515530051066855,0.0012010404382346367,0.0013074750008308666,0.0017051136661472661,0.0013100348115898995,0.0019215898975080178,0.004163547227252435,0.0127324384567787,0.017350097031018242,0.028253769641982583,0.036533531731915765,0.049737038074993946,0.04082950417609858,0.06641392333273406,0.06663874607054177,0.25073429061109764,0.25454859774246164
0.07050000000000001,0.0008397505730205569,0.0012364055572659008,0.0013115488459911463,0.0017506473693206283,0.0013255375912805463,0.0020247963792298083,0.010622322182900549,0.010472825771379991,0.03355497777787346,0.016700632784738684,0.02719352829655799,0.02726212254407631,0.05968112546466595,0.07080672639129776,0.16060790473984798,0.24085861573472775,0.249592927235436
0.07200000000000001,0.0008484134494532764,0.001278849406314125,0.0014215643209594137,0.001829152968771114,0.0013470020612316473,0.00218841117732171,0.006879097581969678,0.017686202655933243,0.020203530540049634,0.01587337111724285,0.03904197472441793,0.05336050497758751,0.062035062880018775,0.14166380232065584,0.16622491172979031,0.21250720626762443,0.27888019779432754
0.07350000000000001,0.0008689050174749557,0.0012841816388614743,0.0015856648055576432,0.002047484482244425,0.0014010064288277901,0.0022773234348623444,0.020117773639999805,0.019370168046490603,0.017075472219297262,0.04091682805460866,0.02321991107300066,0.06069659460926971,0.1265856139249342,0.1623306498804832,0.23025320219134882,0.17037367441280785,0.4065881167458903
0.075,0.0008508897861819124,0.0012892191877349002,0.0021218295157811808,0.002881320888081209,0.0014012836527792238,0.002428999796685297,0.008989085815976199,0.014996089881725877,0.009932281167118038,0.03506638145023718,0.029095176298164528,0.07815076827038749,0.1189053439843194,0.19991656210980252,0.2424085600643254,0.20765818339808007,0.47742389744647445
0.0765,0.0008650648647875392,0.0013342764341970524,0.013911969149745813,0.010920464416797594,0.0014427523544702835,0.0028745795455673117,0.012395380253336098,0.014624729855179942,0.012048191822620418,0.021259896454319614,0.05302158899482284,0.059953209037027576,0.21067915994203043,0.14180890007568406,0.17694972463149045,0.3371861001306274,0.5067359676001225
0.078,0.0008848412158928747,0.0013546478353841616,0.00463053779494801,0.002833117924727111,0.0014824455317678008,0.007522403717737437,0.027206021599800078,0.008050634688742645,0.033634120738085235,0.03318309545789298,0.14294132238733262,0.12078528980646543,0.08676146002020292,0.1585967606188742,0.2655639012115732,0.4067489619325575,0.5471511431955862
0.0795,0.0008964727915569001,0.0013791508175486098,0.001667858096722731,0.001696257279192552,0.0014955950010317764,0.01069886094927352,0.030058658870160748,0.03340154413526338,0.030392836784078177,0.04285747303439547,0.06001944262443595,0.11879418280667038,0.07994135013929116,0.1508524162351232,0.24194192133834933,0.46663297534807796,0.6560550229098048
0.081,0.0009121998795802938,0.0013821116364642388,0.0013784404323195665,0.001422675658876276,0.0015339976274892585,0.012465604494459256,0.009500144272861178,0.020602967631354836,0.03878537055735534,0.026910473585834874,0.04981462678314591,0.046773982780371315,0.1360568876583686,0.2537218089963456,0.23942863187890145,0.5112156467050429,0.6666452740083902
0.08249999999999999,0.0009189076562276635,0.0013893098601180512,0.0013815744575918095,0.0012680072462577655,0.0015610190033406135,0.007519463513992809,0.00952639173686448,0.01619527761552278,0.033724517665906915,0.044018434452075,0.05737962562609005,0.13472424088016893,0.16189628064644984,0.2580075696990578,0.3143350517852365,0.5958479767684174,0.8644849515881179
0.08399999999999999,0.0009275776386354212,0.001442820038720529,0.0014038062165707362,0.0012037702226835787,0.0016097117216944262,0.0041655112838559095,0.01418385372921351,0.018134607739045558,0.02618492661080725,0.042320479019427655,0.05683151802002506,0.13675821700887061,0.23770840905999396,0.24059771366746774,0.43079002641266645,0.6717047283813058,1.474476717893799
0.08549999999999999,0.000953742840636931,0.0014513824336624627,0.0014404136845150343,0.0012511635527671756,0.0016510922236223165,0.00303204357307435,0.010979062732573744,0.014787183526983622,0.04766390029174458,0.10380671552429352,0.09441003435205005,0.10435924581431132,0.22828375619554497,0.24026348525263355,0.5138641438888096,0.726227607299041,2.3695359150806774
0.087,0.000966589182324378,0.0014721586799686219,0.0014664788599839734,0.001255068004479399,0.0016916941377381845,0.004553464636627112,0.009154205097508746,0.022798754896898237,0.03799536469212817,0.13171288450046256,0.1401116022114527,0.15123605950598795,0.1851469108118713,0.30253331720976046,0.5708510016860261,0.8755188211808407,2.384262607811378
0.0885,0.0009604538951536823,0.0014620978327370153,0.0014623338007963586,0.0013491514658051727,0.0017773321321346578,0.017743708281196115,0.03421099778225496,0.03606953446610847,0.0388774629885764,0.05774618102209094,0.14770935026915893,0.15284968246606212,0.29394897110293094,0.3945554361091303,0.5878101588641941,1.0295359896042573,2.428350495319108
0.09,0.0009760099188089304,0.0015303372991398313,0.0015107408730121563,0.0013975189749247216,0.0018796084798042882,0.01079673960631403,0.020120721727592515,0.03119209038347609,0.023328245783092318,0.06156792001780046,0.15337064486837873,0.2504062156626711,0.23998638548192763,0.41367792507680096,0.7009237020888817,2.0653357669226264,2.507444129544437
0.0915,0.000997793297851667,0.0015196912538981606,0.0015473152376556498,0.0014358424871183694,0.0020616754893423004,0.004639303910833814,0.017017045484479035,0.033804013367717586,0.10562763002022434,0.04493726019843016,0.06920923145501416,0.22808959383519986,0.2723376203207284,0.526390651060847,0.8248708566099343,2.6447552375002736,2.5735864099334016
0.093,0.001020238953584327,0.0015390575210932793,0.0015545828354223742,0.001465895090405837,0.0025791188551657573,0.002751641722427544,0.04243570594984527,0.018899034030808334,0.12187537362415272,0.1309500624915039,0.13665029865980818,0.13502463059770883,0.35507207139452923,0.6429694092882834,0.9103060508078084,2.5824710494850676,2.645909993326765
0.0945,0.0010654558035325175,0.0015843562514276336,0.0015898253765651352,0.0015213797338509993,0.015402000223582527,0.002428976728065871,0.021407916898377427,0.04543963312242026,0.11208270148102577,0.13533112579739048,0.2037584076195511,0.21767406963577518,0.4150691897865521,0.6131918623334094,1.2952263611788497,2.6459687633948668,2.6741121657319207
0.096,0.001052923927963287,0.0015611489921530048,0.0016367486754488517,0.001537127620868983,0.006722845721343265,0.002589710431121356,0.020746093010641793,0.041081242530177295,0.11022532631542806,0.16351915435996747,0.2507603212807614,0.2622092483173666,0.4778339820438239,0.8303368860868617,2.598112889560244,2.6993000419193183,2.7636093426394845
0.0975,0.001054477826063487,0.0016246225225328363,0.0016456670815778044,0.0015595948738221085,0.003918390621542954,0.0028547449767527817,0.013038981502713976,0.03567208089798078,0.11421634214504028,0.15824655167612112,0.24324565973204246,0.3825235914089795,0.6702898364727066,0.9177194652787736,2.7231477910392057,2.840699555518801,2.926316780679216
0.099,0.0010856437021155394,0.0016540140259808302,0.0016710459611629783,0.0015753592535617837,0.0052544752010708195,0.003443864334721831,0.03585405375518837,0.034986774221412484,0.04451702275669178,0.17212857159718684,0.22419489993220876,0.45074665015024706,0.6523181266327488,1.0972991443801152,2.702712626612046,2.807008425924764,3.0050922545092256
0.1005,0.001097296118719571,0.0016664169503570608,0.0017303433861690781,0.0016300141249655157,0.01890736775648689,0.006857165601624722,0.02515264585514575,0.022512948053320724,0.049632033901422005,0.13913215916844782,0.2159396917997876,0.499448419254198,0.7193076169897734,2.012759714292862,2.729074320372992,2.9305312078676438,3.0228710859211585
0.10200000000000001,0.0011099150002527127,0.0017053420009359487,0.0017646190676276314,0.0016644763301350495,0.03644413337542436,0.01830527239013736,0.04471533405284614,0.046821499237419635,0.14452379027454704,0.19383746509801705,0.20550926999333863,0.6911926279022433,0.8841939774770737,2.695131288430709,2.793581013206736,2.998531913430799,3.0765391544513947
0.1035,0.0011248360161451923,0.0017050755249861645,0.0017830674417508325,0.0017008551580695247,0.00012430099524567153,0.015552302363400217,0.018824297528995365,0.07369211233190438,0.23946948525752518,0.21662063203504053,0.26406490605682703,0.6757568482409697,1.0368606368623032,2.90498441113842,2.8365628111779273,3.0428208478521954,3.130794528831669
0.105,0.0011134728383435885,0.0017166194269885584,0.0017979148134760104,0.0017406448814642301,0.000878564290593496,0.025004883510940826,0.02538371037662798,0.20138675025538844,0.23785890604783427,0.19807153587783366,0.3841988162781282,0.866411132997325,1.4677952533459826,2.898649460131658,2.9364651386088636,3.1535202665584725,3.148613507454815
0.1065,0.0011356413161242266,0.0017355725553003989,0.001857271062458265,0.001774281444791469,0.0016094028153217012,0.009807601582736839,0.03432355150794749,0.21821176215702326,0.18445172675154092,0.3022366495161867,0.5495280054699551,0.8720217294087781,2.9189773740417464,2.928665293436588,3.08463523300859,3.1894386554732375,3.2768454416401984
0.108,0.0011758670108336878,0.0017771371347066673,0.0018678337027856187,0.0018297783925333656,0.0022077343616346726,0.007064745489446882,0.03932504245983673,0.21066082347325948,0.15020606721903199,0.32402087688375314,0.7032504476238016,0.9580506832610451,2.844535912313644,3.0413619252515804,3.112771124285389,3.2666338564185384,3.3215114544180078
0.1095,0.0011723438318051276,0.001803747863804082,0.0019115247139463714,0.0019108666046004843,0.002609366140213255,0.03147155742047204,0.04017557900666655,0.214054242876766,0.15897878492806158,0.3692615154257429,0.8568150381345461,1.2289056411797763,3.020096058391979,3.0858056115905037,3.093038123825341,3.2480175210829896,3.386072690670897
0.111,0.001202163205842316,0.001818318863841021,0.0019666148064563715,0.0019250707873516345,0.0028772131479642858,0.10284759764911461,0.03475439360931702,0.1429354452228498,0.18835025857624813,0.48199613954047243,0.8899939162890513,2.4304848670814474,2.9476959497216173,3.1443172930705567,3.2678006596950877,3.383996167911948,3.4762518446348127
0.1125,0.001220487221516471,0.0018238020994969563,0.001983102470854239,0.0020373721793683617,0.0035881968643034132,0.12355933867144776,0.2025393548856007,0.1492517184597788,0.21494921768228512,0.631246086154788,1.0189500372374345,2.997893671955051,3.0462317776048504,3.1676702656072173,3.3315569004642804,3.3533762932037554,3.4873073800906473
0.114,0.0012378397626576962,0.0018365003227635518,0.0019990382576855117,0.002147067993146482,0.018472980219617012,0.13282605869847708,0.2819060230503797,0.29794996793079953,0.39797516320524123,0.712753305663738,1.1069955545299544,2.9920509718980735,3.0857221301116446,3.2123779570893833,3.454038482876214,3.5117647525074127,3.5615853221930664
0.1155,0.0012245059631102605,0.0018895663130333363,0.0020805910200234284,0.0023236969357335138,0.012454368811666953,0.09345076793142239,0.1686098976449285,0.27315096304903663,0.48167122455515426,0.8298704444909039,1.8459220586087728,3.13407253723392,3.2226609617632134,3.2617181750162856,3.4179691369735012,3.5321298057020165,3.704674177086726
0.117,0.001258154431952587,0.0019215046317546426,0.0020998908566620526,0.002560311077764221,0.09108782296339642,0.09135216870118125,0.25676465464017034,0.25266576517438843,0.6870865037936125,0.8720134863534429,3.004209148726473,3.192740941675815,3.3158097567035556,3.3036163056104666,3.4819875778855653,3.647464085146509,3.7109990381727624
0.1185,0.0012799472759536259,0.0019224978187132933,0.002100651997638458,0.0030284797515394224,0.07878885020836483,0.11582602467218085,0.30197843056833934,0.25618634122955536,0.6871337520076962,1.1679399067679344,2.9883750023348807,3.148926586154012,3.357971218316192,3.5218833889049233,3.546983592536916,3.6662863229364344,3.7784709711792583
0.12,0.0013003705636617318,0.001959881380699788,0.002153143738420595,0.007115296324256147,0.04965699407341482,0.18586540301996848,0.3592468392127389,0.3385946186263515,0.7561984068967026,1.5333993031619475,3.0946864332012547,3.324790880296656,3.328450549706135,3.483777753611136,3.60919786449109,3.7706557467481208,3.83910924787555
0.1215,0.0013166549793592161,0.0019746341487984543,0.002196972595594247,0.1448438513430955,0.01472442668996966,0.2531759087685081,0.34269224396327325,0.6640984566614412,0.9240454956140058,3.0986838021461915,3.160705925649965,3.2972328247140665,3.48197476925547,3.5915055995042016,3.6808687179041204,3.8248514040232084,3.942100215936345
0.123,0.0013145492297551556,0.002005935627013991,0.0022253767016362134,0.1621946092586127,0.015662288756899675,0.20599595878347038,0.35474052279866825,0.6626109127381529,1.1213279145919257,3.044582904098008,3.3386501009970395,3.4778997013892257,3.606821241872577,3.6350954481201123,3.733911934151837,3.8125606899488584,3.9725937056265885
0.1245,0.001363360687107075,0.0020548704949319937,0.002294987471654333,0.17976723640734882,0.013023401993289592,0.2831680639664496,0.5180699183593875,0.8254919168049087,1.6169198378035183,3.2234229463205257,3.43337838501121,3.471336640155049,3.6361354748655312,3.7223155262532264,3.812669349973633,3.940905582232929,4.005505886419421
0.126,0.0013746297398700548,0.0020898703566958974,0.0023200088341314685,0.17949670553569164,0.13765933136107034,0.33959685035198967,0.6663071496428499,0.9597036536191647,3.1405990763020353,3.2813428712973947,3.4753738786688335,3.5785441568152963,3.672700930132091,3.732877759676481,3.8163147483617914,3.948505000108481,4.116207538600613
0.1275,0.0014075693602941047,0.0021263347428848193,0.0023984228854175044,0.18598973420331294,0.22565581385535885,0.43879157995582146,0.7797434123803143,1.1120439233428494,3.3549099910630056,3.3751746863834913,3.3491952930547266,3.6342001233205004,3.657588577744792,3.7622212442945218,3.9524087284011182,4.042091949639786,4.146061258693518
0.129,0.0014171729579455234,0.0021776083652180916,0.0025358174887730755,0.21019345076065568,0.34346341052479185,0.5867236505209061,0.8307333964080663,1.7303417088906428,3.282129614223434,3.3739341718088682,3.5914748614648238,3.5585189592096222,3.654994067888451,3.8589154597717936,4.029088518011177,4.151438076581732,4.221754769223101
0.1305,0.0014313911659347817,0.0022613616459402617,0.0031902804517341217,0.20377804018242382,0.4198673888138472,0.7079492562360674,0.9486288051564041,3.1004732668555137,3.2416317010930134,3.390663821896091,3.5466268768596456,3.6717112418814515,3.8325223969760356,3.834127569629196,4.07970787980785,4.174976954937206,4.284989128444099
0.132,0.0014702323641382006,0.0024626209214215003,0.0980529027099699,0.22458486817378598,0.5629828559158486,0.7338997961788732,1.2094581928336463,3.266535780932233,3.5131628930542207,3.503603302473145,3.8258902934559345,3.6609437072087316,3.9175079408757187,3.967451171519643,4.070459953290186,4.260631203164532,4.327933695341145
0.1335,0.0014889554351965413,0.004145580223022333,0.14426256563627207,0.28221338910824967,0.691357107728883,0.8042572148321901,2.269066079168031,3.370752406327239,3.503017309238207,3.54689125701255,3.7702887089696357,3.821291608686877,3.978533311703394,3.985666381016913,4.188637624248473,4.214070327662557,4.445915870679903
0.135,0.0015173787244425433,0.08015461136497029,0.2704767841887435,0.37543342137915564,0.7336576779660422,0.9262907647214246,3.390560966484161,3.439097109988422,3.579908991870578,3.667269101174487,3.744004482352948,3.850516657416465,4.0335301541576065,4.0713916629177005,4.219691883761479,4.35161641307758,4.492453244963228
0.1365,0.0015607143294127863,0.14804841511059805,0.3637419050438629,0.6136548743943717,0.8212885285795377,1.2871203157333548,3.25075190525155,3.4733977538667737,3.486021818072488,3.7330197688510496,3.7300344767492555,4.034455467802732,4.0650296318154355,4.178198434865787,4.260196239589393,4.396960914954235,4.564213529922446
0.138,0.0015415175966322755,0.1535288039409762,0.4372066070912175,0.6757014998085135,0.9087015750485556,3.2452665964540843,3.4229389740405085,3.5974220210549377,3.6920486720435375,3.7718000626317933,3.7407529084329783,3.972992243379917,4.180648214900906,4.163539057055758,4.341597700589208,4.471808194212586,4.542494554650687
0.1395,0.001632784033494099,0.16832934203431243,0.49136094535398245,0.7252028359656402,1.072433980482674,3.40215754118625,3.5148096416587475,3.6802244061696765,3.6886867620541883,3.7552812750365154,3.831750489770585,4.045658962924835,4.138631968660705,4.241171658926872,4.4292088299030015,4.560683381598056,4.644029169938154
0.14100000000000001,0.0016338985018799392,0.20126818441676173,0.5887431241249726,0.7631326169739301,1.91057984471854,3.4619030056192055,3.489362239349387,3.78681156903376,3.837190903983152,3.827472645192128,4.054460406530407,4.115335186907029,4.229213936478069,4.372849179501621,4.407435334061517,4.587495388285964,4.696262927318877
0.14250000000000002,0.0016539517402219454,0.34870318438684234,0.6669922856913039,0.9961386191457821,3.3094139466603645,3.485240787206597,3.4928014555510702,3.7649975520112924,3.9284258859183794,3.836428566755635,4.127450205302296,4.19280277990788,4.325216526745033,4.446811330582849,4.533231273282949,4.639966300896036,4.767896715108086
0.14400000000000002,0.0017086519474577278,0.4568806469559458,0.7948939383272587,1.4800846041447657,3.3759700760935965,3.5382369903269124,3.5645067155815457,3.7973258996381474,3.9085259442653766,3.9892941233837482,4.259428561035006,4.199232395919923,4.275742140507791,4.5437123136977435,4.657324286792976,4.724704693772943,4.836142497940589
0.14550000000000002,0.0017485597625477084,0.6946086448858206,0.9567241765587243,3.3336848143892124,3.461418532864285,3.5679985399181513,3.6039741570807156,3.8877495323909947,3.9546316160159005,4.028035308476827,4.220202419622577,4.229189547327796,4.361904752606124,4.60010129759668,4.671271459841594,4.822167772957105,4.889079827829628
0.14700000000000002,0.0017883119064505087,0.8224872290993442,1.415223503627336,3.3630172042802164,3.5132698718168336,3.685685085957353,3.7525590522938312,3.757642379537645,4.037776783824837,4.1015245821378254,4.241976787421983,4.255217177697724,4.481946265110508,4.61953103893764,4.695834774213132,4.823268749417968,4.954196105695162
0.14850000000000002,0.0018648376343167567,0.9578281496573419,3.4221536106566286,3.4185052947850196,3.5708519719410474,3.7943867859495444,3.9118659214375917,3.896933605874246,4.134731248930273,4.0648131569104,4.33946463096667,4.344016913398272,4.547044032940515,4.697060316975955,4.793546231989355,4.874262960375286,4.971080054642287
0.15,0.0019510676531647893,1.4554504737507634,3.4542806118676324,3.541229893891469,3.6266480713026845,3.55758324242664,3.9504515286991375,3.9463573175757247,4.138660899625666,4.038225203886086,4.443779537735701,4.412663354872371,4.654523576024915,4.7759059305379745,4.905972670729874,4.978553640971259,5.054737879356937
0.1515,0.0021745697075006014,3.3414480521796444,3.5047449444058256,3.584343358437998,3.6157539744328075,3.81124039469555,4.028568990300066,4.05831300856516,4.181341140316508,4.196026924518305,4.427900484222983,4.5633204577784685,4.600220132301107,4.806263597316688,4.839830790876655,4.980096396577398,5.081219053353283
0.153,0.0029520073195449903,3.3904266912260828,3.517851696549569,3.536440267979817,3.6899301171279473,3.864346836688988,4.090925844430765,4.143424677006506,4.367158550957585,4.293931740273178,4.50293048035006,4.669023695179752,4.748855136638666,4.823423546971786,4.945593071636469,5.105224719841253,5.194474118618769
0.1545,0.017231145439392012,3.438990469238173,3.5196018363433996,3.564455333471516,3.757509683860119,3.9419772770348884,4.042156405556156,4.338826707198962,4.3221102784134775,4.539712635378509,4.602382844901236,4.644934501374174,4.815577535265712,4.915284222960285,5.074026231974909,5.13522281763022,5.249833747677217
0.156,0.4425645137485851,3.4875058518615334,3.6787751422191866,3.5900224408813823,3.7945470351284403,3.8430197961157506,4.1595022296256,4.292113737099107,4.273181504819765,4.433957349005962,4.657825302872234,4.711214406484472,4.813559061441755,4.920806082931125,5.118016143023014,5.160396419612468,5.330608324590783
0.1575,1.7460630423064918,3.5355104568855555,3.6682159376744905,3.6786125983231637,3.9694349065272023,4.003076240798109,4.32026290524677,4.433429388995854,4.333692626939509,4.626655433777007,4.702001538456549,4.826380846982268,4.963763575072696,5.043203340129033,5.159800778354774,5.283124360298226,5.36081673368747
0.159,3.2372470141753475,3.5829908362467884,3.693062227156515,3.842096329334632,3.8044892896736875,4.055251311622611,4.215127136496174,4.436940086812147,4.473932649666542,4.576547786054275,4.7027076967355255,4.901371710481723,5.073446364049853,5.185847303200365,5.189399996646616,5.295142749499645,5.439332877220101
0.1605,3.2739924876525346,3.629932906590421,3.71937106654594,3.95835884921073,3.9453601047422144,4.07066241790382,4.344879430009753,4.473216923344283,4.6206475222735435,4.750408135648023,4.845685424300861,4.840544830078373,5.085733386641099,5.24572089814909,5.2622172785460375,5.361640480618236,5.468486601753162
0.162,3.3053851163582473,3.676120456010856,3.7678589232131476,3.9973973520765886,3.9866177921349326,3.9430312932746627,4.28386805822077,4.493095709536714,4.589885969688968,4.730487890838018,4.870525379016129,4.955763219057416,5.065277255512045,5.232065017657134,5.291219773167167,5.4654624120836734,5.55398656104371
0.1635,3.3405538289019328,3.7205230712066846,3.858853705401962,4.018523496487405,4.0183149220412036,4.219072127859079,4.460341053058841,4.428996666955228,4.70006221725495,4.825441537212048,4.9428836144436525,5.008294213537203,5.157047735215485,5.280493678759473,5.408828108607883,5.503123884478046,5.569361812489812
0.165,3.3842136798887434,3.7599123104411336,3.9354363198615556,4.047594763476571,4.202361222642554,4.212480042498296,4.514165917127833,4.511803432215371,4.698167526206415,4.84951582636496,5.006347630681155,5.127154116799463,5.280838439071971,5.3861622236802775,5.411879030666983,5.540837240292076,5.656353729459535
0.1665,3.4363538477030175,3.8109437743277126,4.015696033652327,4.098890306544312,4.230819968014533,4.231210318338493,4.505073621781698,4.620164331572536,4.755750605945263,4.945715773224779,5.129038790363991,5.206575463292842,5.32262555199279,5.470581112804827,5.500529884989719,5.563359457097879,5.7142082752769605
0.168,3.4904847498874685,3.8624158628225413,3.985131400333482,3.8469881065979195,4.226660048718438,4.338990191461959,4.558921616490655,4.76286525391279,4.871445917543856,5.013753301573055,5.130593796210766,5.240271206954762,5.304468129078494,5.465619490010108,5.566148179976383,5.6652264313209155,5.79720172201036
0.1695,3.544449040746014,3.902994351995981,4.030381346779503,4.184498065058879,4.315699415783189,4.496930740661535,4.637377458348295,4.68148680755001,4.989763043273572,4.963531027598339,5.086379614322841,5.3570466488810915,5.351601515810825,5.520522222446012,5.646759810470731,5.7692927866350106,5.86225352945467
0.171,3.599890466391894,3.8912749372703246,4.210972945360209,4.102570751529691,4.578406528503748,4.190851986938838,4.7159903504501415,4.7917038003457115,4.958450644515452,5.06567964063424,5.221171414659197,5.3125528644472375,5.430097116469566,5.586608198824926,5.688402814560639,5.854890404500245,5.897569490781233
0.17250000000000001,3.667897751514188,3.9200560143526713,4.1913997370689495,4.321618584961107,4.362689563953351,4.473892068242221,4.707804234520617,4.986842718885495,5.012677243982726,5.195220757099333,5.189363947799346,5.313672856725521,5.502301318887966,5.622361126915966,5.750181232056734,5.829169873869232,5.956041264794704
0.17400000000000002,3.8169977037908365,4.006618044412512,4.2319561703976785,4.3244286775016105,4.431223004400664,4.545306710198416,4.610392336276325,4.984936594109703,5.024437307656262,5.227449001018382,5.291642114846144,5.403109899436519,5.6076070792987345,5.655698786699707,5.79474991092457,5.92604010537925,6.026894597729527
0.1755,3.915783969859922,4.059960082507213,4.3366366988705565,4.238774533945939,4.577872306168188,4.664616734581823,4.837863407001325,5.017331641299311,5.091583298225429,5.353093276336476,5.46692794758948,5.597964333676105,5.645296767505889,5.748885879365631,5.867176157786961,5.960679732503217,6.096608540576488
0.177,3.9779240152015674,4.0727791925797945,4.282837416133235,4.3740776393899665,4.6192267859390945,4.783279239338947,4.865285560468014,5.190714794616425,5.1291718207569765,5.336135322608024,5.468704300236522,5.554854654941189,5.7504772437136875,5.8424632273076025,5.891733489323232,6.030896011710162,6.165117172530163
0.1785,4.030998660545383,4.200259586892477,4.383314558369037,4.5334435126980885,4.7003523968352665,4.909491740583729,5.061974418020525,5.282091738100836,5.342676950799091,5.300295316194548,5.523968429372193,5.53156470243507,5.7775878150355915,5.879752304024575,6.012614500966962,6.106834878043176,6.21131594591193
0.18,4.055328448736934,4.181027103394517,4.459386643821041,4.663461351303329,4.707387589008821,4.8696820653458035,5.0584814998120855,5.0374831636799025,5.229195858131807,5.563652984704748,5.566731607766858,5.704196634892859,5.852654996883385,5.94205236208584,5.991649013070608,6.15833558218705,6.269838055722271
0.1815,4.130564184405215,4.230326366048718,4.440027200061009,4.77729738701572,4.965200923435429,4.954887205471121,5.132816681258802,5.16917692219607,5.376063528354801,5.572374362428308,5.65072186159265,5.733777568979328,5.891858862706177,6.003760577474446,6.079445784608149,6.2000101524250475,6.300778111507152
0.183,4.186263643180729,4.342656451379073,4.6708824027849944,4.710349027760305,4.944398899829499,4.926792608093701,5.1312276125758265,5.293487889823845,5.413357016052475,5.525132318152676,5.66914370544109,5.907128792803513,5.929539242394847,5.999411630024993,6.174785504320641,6.295283878000462,6.369621255952092
0.1845,4.223152869200484,4.34932786967949,4.673391082260165,4.819467982850137,4.672349523529449,4.935934805888006,5.148808873350544,5.309347784646626,5.448271859716636,5.71432134345574,5.661622809409184,5.934932846669859,5.9995936091522974,6.078131004728153,6.205720493420686,6.3439872277920495,6.440806724393974
0.186,4.329210958327433,4.389968174548524,4.644965684630435,4.893287634749083,4.689643090629207,5.041444399515819,5.209897205426211,5.4148450215686985,5.5019213332755355,5.679219094157913,5.808098202393827,5.9528690257665975,6.0066200330760555,6.1390371487558335,6.263219946225548,6.370886946934853,6.498339379108425
0.1875,4.345122448143288,4.463524100654106,4.674022468201758,4.908710977777923,4.901166906775101,5.148301589747161,5.134876011526467,5.453102059825198,5.708607089635947,5.696189416494359,5.852218755975863,6.018516267151829,6.142512643625486,6.199794408173902,6.327514799817801,6.453920045784513,6.5460080313777835
0.189,4.451389998531334,4.529487707904967,4.784828610329606,4.962273887942459,5.070359077829253,5.19629610434787,5.295495623577938,5.46447846950458,5.676168324183367,5.820557277508965,5.923946478070357,6.069523468901958,6.1388620457401055,6.248563616686882,6.332079989735624,6.514646400474969,6.619107211687811
0.1905,4.4658628101815925,4.563642118646484,4.890204635697646,4.852807461024228,5.0804344853414545,5.12326358960322,5.395127969300496,5.656802018325737,5.679662128077572,5.9290671324274875,6.006120093558659,6.058267207003353,6.220824039680347,6.340364000257954,6.425449922536117,6.5339945684710745,6.676768203053165
0.192,4.493461077271743,4.618592849506308,4.942306792021641,4.8372719960548665,5.176964850645859,5.23052642004217,5.456160747780168,5.704151307773737,5.7711028850504125,5.914008862061611,6.053641667689642,6.115123509143686,6.285373223208835,6.435613845072605,6.491300435112126,6.629508476216291,6.737475810876223
0.1935,4.531200071822458,4.659683020271883,4.968058398304735,5.014608982343589,5.322623956906131,5.282005795744657,5.640920246291292,5.723885850002587,5.742406338755779,5.9637493304647,6.169334611586893,6.255343487715889,6.322113707682791,6.479658292624774,6.545669826482683,6.685854782915433,6.811180299923744
0.195,4.5621125607025785,4.69413038572851,5.0059112252485845,5.070501282014836,5.113190753475486,5.259860014049255,5.6294950857490855,5.820915881570149,5.929610789069197,6.143667020963485,6.152969923406358,6.279291522697063,6.396346055884676,6.5683169705639655,6.620797983252936,6.76494394616292,6.869468136577922
0.1965,4.699777356488785,4.720518600467823,5.099520212434364,5.0967874622828235,5.293693458620043,5.3362179687082225,5.625809933949317,5.808023624288792,5.9629488962433665,6.061920733011557,6.2286951635882,6.303650930247681,6.45561121407997,6.5536999562647695,6.681868471930254,6.789745241533624,6.915881502644217
0.198,4.727695464994457,4.8083564629005275,4.967172012729877,5.237757470642956,5.306096894720487,5.636067792729562,5.74080966666358,5.841986952923894,5.990566161601614,6.036537460025654,6.256847504482824,6.302205544206125,6.495190378541901,6.658799662430686,6.763919043489801,6.839051091526093,6.976888431062288
0.1995,4.725096729023787,4.925421367797778,5.1391850339637175,5.235091600367383,5.364442858637526,5.591223665383643,5.6942939298586195,6.045691829987485,5.976034552384382,6.150751844375728,6.341100372383552,6.406264084597962,6.60015847108135,6.665965608410023,6.773324470740626,6.913870160108967,7.04456823516935
0.201,4.760256475873729,5.007599745170776,5.3177926508215,5.351320795284594,5.463388259813354,5.576322294435872,5.797270556854925,6.042430675603385,6.10021963988946,6.287435275349949,6.416288155308231,6.528547311266422,6.651575046974961,6.783231667347056,6.8569242933959655,7.001470611773857,7.119385880449014
0.2025,4.744606099331763,5.056995022285994,5.2232417264362665,5.142099057432121,5.492093310660638,5.7744653694770465,5.809342364313826,6.0581805685102585,6.131628319655055,6.32048662599836,6.384764261651389,6.584726685056503,6.741487073084742,6.8339507962634185,6.9255496213037375,7.062118206830141,7.150949388800351
0.20400000000000001,4.7283784149138715,5.2193695631819566,5.358012812380964,5.458908347681001,5.732028078193839,5.72125373912348,5.928805313613767,6.166145230042741,6.233787810544871,6.336223445291503,6.493395731336911,6.613921948333612,6.793429204781854,6.856700643280503,6.979254447050606,7.09987992193424,7.198379332394979
0.20550000000000002,4.861302955205403,5.081874243276064,5.563893560393028,5.584966877165529,5.752607714609682,5.865863859016187,5.9912672344582525,6.156605862555662,6.166214925711199,6.407796110554208,6.613418220911236,6.692049503711669,6.836352345741899,6.9126381151715615,7.004421633788033,7.162088471122831,7.262819786567712
0.207,5.0232731898597915,5.140188612464235,5.617039395084641,5.442311886411496,5.6925626599635315,5.91535698442471,6.07144451064957,6.306578813953841,6.2894956093064724,6.520416600185766,6.6148866767574255,6.72851493691129,6.863329786967424,6.949680850469348,7.096695043692117,7.205975564744927,7.3395988771049785
0.2085,5.078293823916326,5.375624041606004,5.568011883314255,5.423301163167655,5.775126615657728,5.847173657302235,6.049842423355224,6.323934128141063,6.363453871040102,6.589249632456799,6.765727340760243,6.770534450148857,6.923886902319283,7.035789332883362,7.156418491832095,7.288111051750526,7.421657654126881
0.21,5.232783221762491,5.240737242006379,5.576048561530406,5.624593833822399,5.856324030353001,5.848491484572879,6.139183418131915,6.307512664960538,6.4072258220680895,6.62634256692756,6.783421157347215,6.820293342751629,6.982523972597683,7.112046902236664,7.222624776763378,7.333088350111016,7.480980687521797
